{"box_data": [{"position": {"minX": 152.04904174804688, "minY": 143.8682861328125, "maxX": 302.073486328125, "maxY": 308.7369384765625}, "class_id": 1, "box_caption": "with_mask 0.845", "scores": {"class_score": 0.8445967435836792}, "domain": "pixel"}, {"position": {"minX": 147.46951293945312, "minY": 144.33486938476562, "maxX": 304.65289306640625, "maxY": 306.8102722167969}, "class_id": 0, "box_caption": "mask_weared_incorrect 0.018", "scores": {"class_score": 0.017701279371976852}, "domain": "pixel"}, {"position": {"minX": 147.46951293945312, "minY": 144.33486938476562, "maxX": 304.65289306640625, "maxY": 306.8102722167969}, "class_id": 2, "box_caption": "without_mask 0.012", "scores": {"class_score": 0.0124325817450881}, "domain": "pixel"}, {"position": {"minX": 307.4722595214844, "minY": 123.09844970703125, "maxX": 320.4503479003906, "maxY": 162.33349609375}, "class_id": 1, "box_caption": "with_mask 0.001", "scores": {"class_score": 0.0012011422077193856}, "domain": "pixel"}], "class_labels": {"0": "mask_weared_incorrect", "1": "with_mask", "2": "without_mask"}}