{"box_data": [{"position": {"minX": 77.0563735961914, "minY": 290.7149658203125, "maxX": 233.66384887695312, "maxY": 427.7288818359375}, "class_id": 1, "box_caption": "with_mask 0.927", "scores": {"class_score": 0.9268065094947815}, "domain": "pixel"}, {"position": {"minX": 71.33927917480469, "minY": 297.9735107421875, "maxX": 236.49171447753906, "maxY": 416.10992431640625}, "class_id": 0, "box_caption": "mask_weared_incorrect 0.045", "scores": {"class_score": 0.045139700174331665}, "domain": "pixel"}, {"position": {"minX": 73.26585388183594, "minY": 296.7437438964844, "maxX": 237.48963928222656, "maxY": 417.0676574707031}, "class_id": 2, "box_caption": "without_mask 0.014", "scores": {"class_score": 0.014460179023444653}, "domain": "pixel"}], "class_labels": {"0": "mask_weared_incorrect", "1": "with_mask", "2": "without_mask"}}