{"box_data": [{"position": {"minX": 155.71133422851562, "minY": 172.4842071533203, "maxX": 285.7912902832031, "maxY": 411.00885009765625}, "class_id": 1, "box_caption": "with_mask 0.948", "scores": {"class_score": 0.9484760165214539}, "domain": "pixel"}, {"position": {"minX": 154.744873046875, "minY": 175.884521484375, "maxX": 286.3359680175781, "maxY": 407.20770263671875}, "class_id": 0, "box_caption": "mask_weared_incorrect 0.007", "scores": {"class_score": 0.007269813679158688}, "domain": "pixel"}, {"position": {"minX": 154.744873046875, "minY": 175.884521484375, "maxX": 286.3359680175781, "maxY": 407.20770263671875}, "class_id": 2, "box_caption": "without_mask 0.004", "scores": {"class_score": 0.004101229831576347}, "domain": "pixel"}], "class_labels": {"0": "mask_weared_incorrect", "1": "with_mask", "2": "without_mask"}}