{"box_data": [{"position": {"minX": 125.09500885009766, "minY": 204.00755310058594, "maxX": 260.1031799316406, "maxY": 330.8409118652344}, "class_id": 1, "box_caption": "with_mask 0.954", "scores": {"class_score": 0.9539747834205627}, "domain": "pixel"}, {"position": {"minX": 127.58003997802734, "minY": 204.45233154296875, "maxX": 258.0647277832031, "maxY": 331.00115966796875}, "class_id": 0, "box_caption": "mask_weared_incorrect 0.010", "scores": {"class_score": 0.009824852459132671}, "domain": "pixel"}, {"position": {"minX": 127.58003997802734, "minY": 204.45233154296875, "maxX": 258.0647277832031, "maxY": 331.00115966796875}, "class_id": 2, "box_caption": "without_mask 0.009", "scores": {"class_score": 0.008926315233111382}, "domain": "pixel"}], "class_labels": {"0": "mask_weared_incorrect", "1": "with_mask", "2": "without_mask"}}