{"box_data": [{"position": {"minX": 125.91584777832031, "minY": 207.8743896484375, "maxX": 259.812744140625, "maxY": 328.42755126953125}, "class_id": 1, "box_caption": "with_mask 0.938", "scores": {"class_score": 0.9379696846008301}, "domain": "pixel"}, {"position": {"minX": 125.01493072509766, "minY": 205.90036010742188, "maxX": 262.1837463378906, "maxY": 330.4685974121094}, "class_id": 0, "box_caption": "mask_weared_incorrect 0.018", "scores": {"class_score": 0.018265755847096443}, "domain": "pixel"}, {"position": {"minX": 125.37850952148438, "minY": 205.64077758789062, "maxX": 261.1034240722656, "maxY": 329.8849182128906}, "class_id": 2, "box_caption": "without_mask 0.016", "scores": {"class_score": 0.015577456913888454}, "domain": "pixel"}], "class_labels": {"0": "mask_weared_incorrect", "1": "with_mask", "2": "without_mask"}}