{"box_data": [{"position": {"minX": 202.70863342285156, "minY": 258.4578552246094, "maxX": 340.0479736328125, "maxY": 407.6821594238281}, "class_id": 1, "box_caption": "with_mask 0.969", "scores": {"class_score": 0.9686045050621033}, "domain": "pixel"}, {"position": {"minX": 202.7799530029297, "minY": 258.2187194824219, "maxX": 340.60809326171875, "maxY": 406.1969909667969}, "class_id": 0, "box_caption": "mask_weared_incorrect 0.007", "scores": {"class_score": 0.006687392480671406}, "domain": "pixel"}, {"position": {"minX": 202.7799530029297, "minY": 258.2187194824219, "maxX": 340.60809326171875, "maxY": 406.1969909667969}, "class_id": 2, "box_caption": "without_mask 0.005", "scores": {"class_score": 0.005264162551611662}, "domain": "pixel"}], "class_labels": {"0": "mask_weared_incorrect", "1": "with_mask", "2": "without_mask"}}