{"box_data": [{"position": {"minX": 147.24229431152344, "minY": 148.0521697998047, "maxX": 300.0758056640625, "maxY": 309.3763427734375}, "class_id": 1, "box_caption": "with_mask 0.805", "scores": {"class_score": 0.8052256107330322}, "domain": "pixel"}, {"position": {"minX": 143.91270446777344, "minY": 148.67013549804688, "maxX": 302.933837890625, "maxY": 309.1304931640625}, "class_id": 0, "box_caption": "mask_weared_incorrect 0.025", "scores": {"class_score": 0.024765165522694588}, "domain": "pixel"}, {"position": {"minX": 143.91270446777344, "minY": 148.67013549804688, "maxX": 302.933837890625, "maxY": 309.1304931640625}, "class_id": 2, "box_caption": "without_mask 0.018", "scores": {"class_score": 0.017515059560537338}, "domain": "pixel"}], "class_labels": {"0": "mask_weared_incorrect", "1": "with_mask", "2": "without_mask"}}