{"box_data": [{"position": {"minX": 154.19720458984375, "minY": 179.49026489257812, "maxX": 289.86773681640625, "maxY": 410.8368835449219}, "class_id": 1, "box_caption": "with_mask 0.913", "scores": {"class_score": 0.9132994413375854}, "domain": "pixel"}, {"position": {"minX": 155.8473358154297, "minY": 180.31729125976562, "maxX": 290.82672119140625, "maxY": 407.0652770996094}, "class_id": 0, "box_caption": "mask_weared_incorrect 0.017", "scores": {"class_score": 0.01695309579372406}, "domain": "pixel"}, {"position": {"minX": 155.8473358154297, "minY": 180.31729125976562, "maxX": 290.82672119140625, "maxY": 407.0652770996094}, "class_id": 2, "box_caption": "without_mask 0.008", "scores": {"class_score": 0.008323971182107925}, "domain": "pixel"}], "class_labels": {"0": "mask_weared_incorrect", "1": "with_mask", "2": "without_mask"}}