{"box_data": [{"position": {"minX": 120.01410675048828, "minY": 202.66482543945312, "maxX": 262.9859924316406, "maxY": 331.8675231933594}, "class_id": 1, "box_caption": "with_mask 0.929", "scores": {"class_score": 0.9289054274559021}, "domain": "pixel"}, {"position": {"minX": 124.17437744140625, "minY": 203.58087158203125, "maxX": 264.8677062988281, "maxY": 328.5687255859375}, "class_id": 0, "box_caption": "mask_weared_incorrect 0.034", "scores": {"class_score": 0.03437013179063797}, "domain": "pixel"}, {"position": {"minX": 124.17437744140625, "minY": 203.58087158203125, "maxX": 264.8677062988281, "maxY": 328.5687255859375}, "class_id": 2, "box_caption": "without_mask 0.030", "scores": {"class_score": 0.030264785513281822}, "domain": "pixel"}, {"position": {"minX": -26.32769775390625, "minY": 266.3828430175781, "maxX": 426.6510009765625, "maxY": 515.0101318359375}, "class_id": 1, "box_caption": "with_mask 0.002", "scores": {"class_score": 0.002262921305373311}, "domain": "pixel"}], "class_labels": {"0": "mask_weared_incorrect", "1": "with_mask", "2": "without_mask"}}