{"box_data": [{"position": {"minX": 151.62469482421875, "minY": 143.18612670898438, "maxX": 300.56097412109375, "maxY": 308.70428466796875}, "class_id": 1, "box_caption": "with_mask 0.928", "scores": {"class_score": 0.9280887246131897}, "domain": "pixel"}, {"position": {"minX": 151.19573974609375, "minY": 144.3718719482422, "maxX": 301.4434814453125, "maxY": 305.26239013671875}, "class_id": 0, "box_caption": "mask_weared_incorrect 0.007", "scores": {"class_score": 0.006889421492815018}, "domain": "pixel"}, {"position": {"minX": 151.19573974609375, "minY": 144.3718719482422, "maxX": 301.4434814453125, "maxY": 305.26239013671875}, "class_id": 2, "box_caption": "without_mask 0.005", "scores": {"class_score": 0.005036150570958853}, "domain": "pixel"}], "class_labels": {"0": "mask_weared_incorrect", "1": "with_mask", "2": "without_mask"}}