{"box_data": [{"position": {"minX": 156.01417541503906, "minY": 173.34036254882812, "maxX": 286.58428955078125, "maxY": 409.4489440917969}, "class_id": 1, "box_caption": "with_mask 0.909", "scores": {"class_score": 0.9089610576629639}, "domain": "pixel"}, {"position": {"minX": 154.40203857421875, "minY": 174.53427124023438, "maxX": 288.2030334472656, "maxY": 407.6415100097656}, "class_id": 0, "box_caption": "mask_weared_incorrect 0.011", "scores": {"class_score": 0.011162945069372654}, "domain": "pixel"}, {"position": {"minX": 154.40203857421875, "minY": 174.53427124023438, "maxX": 288.2030334472656, "maxY": 407.6415100097656}, "class_id": 2, "box_caption": "without_mask 0.006", "scores": {"class_score": 0.005878365598618984}, "domain": "pixel"}], "class_labels": {"0": "mask_weared_incorrect", "1": "with_mask", "2": "without_mask"}}