{"box_data": [{"position": {"minX": 152.60317993164062, "minY": 144.0814208984375, "maxX": 301.699951171875, "maxY": 301.4864196777344}, "class_id": 1, "box_caption": "with_mask 0.910", "scores": {"class_score": 0.9099311828613281}, "domain": "pixel"}, {"position": {"minX": 153.71575927734375, "minY": 143.8837127685547, "maxX": 301.3453674316406, "maxY": 300.57025146484375}, "class_id": 0, "box_caption": "mask_weared_incorrect 0.016", "scores": {"class_score": 0.01573622226715088}, "domain": "pixel"}, {"position": {"minX": 153.71575927734375, "minY": 143.8837127685547, "maxX": 301.3453674316406, "maxY": 300.57025146484375}, "class_id": 2, "box_caption": "without_mask 0.012", "scores": {"class_score": 0.01183334831148386}, "domain": "pixel"}], "class_labels": {"0": "mask_weared_incorrect", "1": "with_mask", "2": "without_mask"}}