{"box_data": [{"position": {"minX": 202.4618377685547, "minY": 258.46337890625, "maxX": 339.87176513671875, "maxY": 406.55755615234375}, "class_id": 1, "box_caption": "with_mask 0.952", "scores": {"class_score": 0.9517638087272644}, "domain": "pixel"}, {"position": {"minX": 200.63604736328125, "minY": 260.358642578125, "maxX": 342.33740234375, "maxY": 405.1151123046875}, "class_id": 0, "box_caption": "mask_weared_incorrect 0.012", "scores": {"class_score": 0.011663613840937614}, "domain": "pixel"}, {"position": {"minX": 201.62429809570312, "minY": 262.6875, "maxX": 341.8338317871094, "maxY": 401.115234375}, "class_id": 2, "box_caption": "without_mask 0.009", "scores": {"class_score": 0.009114434942603111}, "domain": "pixel"}], "class_labels": {"0": "mask_weared_incorrect", "1": "with_mask", "2": "without_mask"}}