{"box_data": [{"position": {"minX": 154.646484375, "minY": 145.49256896972656, "maxX": 296.676025390625, "maxY": 306.31097412109375}, "class_id": 1, "box_caption": "with_mask 0.915", "scores": {"class_score": 0.9150803089141846}, "domain": "pixel"}, {"position": {"minX": 152.3348388671875, "minY": 145.741455078125, "maxX": 299.4406433105469, "maxY": 302.54736328125}, "class_id": 0, "box_caption": "mask_weared_incorrect 0.013", "scores": {"class_score": 0.012557100504636765}, "domain": "pixel"}, {"position": {"minX": 152.3348388671875, "minY": 145.741455078125, "maxX": 299.4406433105469, "maxY": 302.54736328125}, "class_id": 2, "box_caption": "without_mask 0.009", "scores": {"class_score": 0.008995123207569122}, "domain": "pixel"}], "class_labels": {"0": "mask_weared_incorrect", "1": "with_mask", "2": "without_mask"}}