{"box_data": [{"position": {"minX": 117.9112548828125, "minY": 299.59991455078125, "maxX": 236.53704833984375, "maxY": 402.9637451171875}, "class_id": 2, "box_caption": "without_mask 0.914", "scores": {"class_score": 0.9137372374534607}, "domain": "pixel"}, {"position": {"minX": 120.0623550415039, "minY": 293.260986328125, "maxX": 227.4552001953125, "maxY": 408.6546630859375}, "class_id": 0, "box_caption": "mask_weared_incorrect 0.137", "scores": {"class_score": 0.13743585348129272}, "domain": "pixel"}, {"position": {"minX": 124.1799545288086, "minY": 299.16314697265625, "maxX": 234.69161987304688, "maxY": 405.44134521484375}, "class_id": 1, "box_caption": "with_mask 0.008", "scores": {"class_score": 0.008050741627812386}, "domain": "pixel"}, {"position": {"minX": 384.61968994140625, "minY": 34.39411926269531, "maxX": 430.52734375, "maxY": 120.5938720703125}, "class_id": 1, "box_caption": "with_mask 0.002", "scores": {"class_score": 0.0015249550342559814}, "domain": "pixel"}], "class_labels": {"0": "mask_weared_incorrect", "1": "with_mask", "2": "without_mask"}}