{"box_data": [{"position": {"minX": 125.11444091796875, "minY": 204.83384704589844, "maxX": 258.77642822265625, "maxY": 330.884521484375}, "class_id": 1, "box_caption": "with_mask 0.963", "scores": {"class_score": 0.9634511470794678}, "domain": "pixel"}, {"position": {"minX": 125.78111267089844, "minY": 205.02874755859375, "maxX": 258.2398681640625, "maxY": 330.8048095703125}, "class_id": 0, "box_caption": "mask_weared_incorrect 0.007", "scores": {"class_score": 0.007060663308948278}, "domain": "pixel"}, {"position": {"minX": 125.78111267089844, "minY": 205.02874755859375, "maxX": 258.2398681640625, "maxY": 330.8048095703125}, "class_id": 2, "box_caption": "without_mask 0.006", "scores": {"class_score": 0.006280373781919479}, "domain": "pixel"}, {"position": {"minX": 423.7914733886719, "minY": 111.064208984375, "maxX": 441.4486999511719, "maxY": 205.74459838867188}, "class_id": 0, "box_caption": "mask_weared_incorrect 0.001", "scores": {"class_score": 0.0010764183243736625}, "domain": "pixel"}], "class_labels": {"0": "mask_weared_incorrect", "1": "with_mask", "2": "without_mask"}}