{"box_data": [{"position": {"minX": 140.21139526367188, "minY": 263.8436584472656, "maxX": 222.73007202148438, "maxY": 363.9681701660156}, "class_id": 1, "box_caption": "with_mask 0.946", "scores": {"class_score": 0.9456397891044617}, "domain": "pixel"}, {"position": {"minX": 136.81375122070312, "minY": 264.3586120605469, "maxX": 226.26272583007812, "maxY": 365.7243347167969}, "class_id": 0, "box_caption": "mask_weared_incorrect 0.005", "scores": {"class_score": 0.00457385228946805}, "domain": "pixel"}, {"position": {"minX": 136.81375122070312, "minY": 264.3586120605469, "maxX": 226.26272583007812, "maxY": 365.7243347167969}, "class_id": 2, "box_caption": "without_mask 0.004", "scores": {"class_score": 0.0038125913124531507}, "domain": "pixel"}, {"position": {"minX": -37.97489929199219, "minY": -12.460281372070312, "maxX": 373.79852294921875, "maxY": 361.796630859375}, "class_id": 1, "box_caption": "with_mask 0.002", "scores": {"class_score": 0.002490803599357605}, "domain": "pixel"}], "class_labels": {"0": "mask_weared_incorrect", "1": "with_mask", "2": "without_mask"}}