{"box_data": [{"position": {"minX": 97.22372436523438, "minY": 206.19078063964844, "maxX": 253.75390625, "maxY": 354.2564697265625}, "class_id": 1, "box_caption": "with_mask 0.962", "scores": {"class_score": 0.9624134302139282}, "domain": "pixel"}, {"position": {"minX": 96.38549041748047, "minY": 205.003173828125, "maxX": 255.18350219726562, "maxY": 354.28216552734375}, "class_id": 0, "box_caption": "mask_weared_incorrect 0.007", "scores": {"class_score": 0.006824026349931955}, "domain": "pixel"}, {"position": {"minX": 96.38549041748047, "minY": 205.003173828125, "maxX": 255.18350219726562, "maxY": 354.28216552734375}, "class_id": 2, "box_caption": "without_mask 0.005", "scores": {"class_score": 0.005266829859465361}, "domain": "pixel"}, {"position": {"minX": 255.8671112060547, "minY": 139.9542999267578, "maxX": 270.1183776855469, "maxY": 156.16725158691406}, "class_id": 1, "box_caption": "with_mask 0.001", "scores": {"class_score": 0.0011576402466744184}, "domain": "pixel"}], "class_labels": {"0": "mask_weared_incorrect", "1": "with_mask", "2": "without_mask"}}