{"box_data": [{"position": {"minX": 84.85785675048828, "minY": 222.4910888671875, "maxX": 259.17730712890625, "maxY": 365.8785400390625}, "class_id": 1, "box_caption": "with_mask 0.912", "scores": {"class_score": 0.9123877882957458}, "domain": "pixel"}, {"position": {"minX": 88.09072875976562, "minY": 223.439208984375, "maxX": 253.240966796875, "maxY": 364.99169921875}, "class_id": 0, "box_caption": "mask_weared_incorrect 0.036", "scores": {"class_score": 0.035946886986494064}, "domain": "pixel"}, {"position": {"minX": 83.73387908935547, "minY": 221.6922607421875, "maxX": 258.1379699707031, "maxY": 367.48529052734375}, "class_id": 2, "box_caption": "without_mask 0.029", "scores": {"class_score": 0.029474757611751556}, "domain": "pixel"}, {"position": {"minX": 19.99877166748047, "minY": 1.7174720764160156, "maxX": 138.673828125, "maxY": 83.48469543457031}, "class_id": 2, "box_caption": "without_mask 0.002", "scores": {"class_score": 0.0017376575851812959}, "domain": "pixel"}], "class_labels": {"0": "mask_weared_incorrect", "1": "with_mask", "2": "without_mask"}}