{"box_data": [{"position": {"minX": 125.99954986572266, "minY": 206.62930297851562, "maxX": 260.4244384765625, "maxY": 330.8855895996094}, "class_id": 1, "box_caption": "with_mask 0.944", "scores": {"class_score": 0.9441440105438232}, "domain": "pixel"}, {"position": {"minX": 125.76258850097656, "minY": 208.0396270751953, "maxX": 260.436767578125, "maxY": 328.702880859375}, "class_id": 0, "box_caption": "mask_weared_incorrect 0.013", "scores": {"class_score": 0.013123155571520329}, "domain": "pixel"}, {"position": {"minX": 125.76258850097656, "minY": 208.0396270751953, "maxX": 260.436767578125, "maxY": 328.702880859375}, "class_id": 2, "box_caption": "without_mask 0.012", "scores": {"class_score": 0.011529739014804363}, "domain": "pixel"}], "class_labels": {"0": "mask_weared_incorrect", "1": "with_mask", "2": "without_mask"}}