{"box_data": [{"position": {"minX": 124.48583984375, "minY": 294.2167053222656, "maxX": 226.348388671875, "maxY": 407.6225891113281}, "class_id": 2, "box_caption": "without_mask 0.959", "scores": {"class_score": 0.9585433602333069}, "domain": "pixel"}, {"position": {"minX": 124.25372314453125, "minY": 294.74993896484375, "maxX": 226.151611328125, "maxY": 407.33258056640625}, "class_id": 0, "box_caption": "mask_weared_incorrect 0.020", "scores": {"class_score": 0.019537504762411118}, "domain": "pixel"}, {"position": {"minX": 124.25372314453125, "minY": 294.74993896484375, "maxX": 226.151611328125, "maxY": 407.33258056640625}, "class_id": 1, "box_caption": "with_mask 0.006", "scores": {"class_score": 0.006458035204559565}, "domain": "pixel"}, {"position": {"minX": 214.11495971679688, "minY": 376.9474792480469, "maxX": 316.2559509277344, "maxY": 428.2369689941406}, "class_id": 2, "box_caption": "without_mask 0.001", "scores": {"class_score": 0.0013377543073147535}, "domain": "pixel"}], "class_labels": {"0": "mask_weared_incorrect", "1": "with_mask", "2": "without_mask"}}