{"box_data": [{"position": {"minX": 151.6383514404297, "minY": 142.504150390625, "maxX": 302.33038330078125, "maxY": 308.1755676269531}, "class_id": 1, "box_caption": "with_mask 0.929", "scores": {"class_score": 0.9288778305053711}, "domain": "pixel"}, {"position": {"minX": 153.6625518798828, "minY": 144.5998077392578, "maxX": 300.60479736328125, "maxY": 305.51092529296875}, "class_id": 0, "box_caption": "mask_weared_incorrect 0.009", "scores": {"class_score": 0.008774347603321075}, "domain": "pixel"}, {"position": {"minX": 153.6625518798828, "minY": 144.5998077392578, "maxX": 300.60479736328125, "maxY": 305.51092529296875}, "class_id": 2, "box_caption": "without_mask 0.007", "scores": {"class_score": 0.006669863127171993}, "domain": "pixel"}], "class_labels": {"0": "mask_weared_incorrect", "1": "with_mask", "2": "without_mask"}}