{"box_data": [{"position": {"minX": 120.8972396850586, "minY": 202.9080810546875, "maxX": 266.55755615234375, "maxY": 332.7548828125}, "class_id": 1, "box_caption": "with_mask 0.896", "scores": {"class_score": 0.8963826298713684}, "domain": "pixel"}, {"position": {"minX": 122.6954574584961, "minY": 203.01788330078125, "maxX": 263.6800842285156, "maxY": 333.05963134765625}, "class_id": 0, "box_caption": "mask_weared_incorrect 0.034", "scores": {"class_score": 0.033550720661878586}, "domain": "pixel"}, {"position": {"minX": 120.9354476928711, "minY": 203.70201110839844, "maxX": 262.9150085449219, "maxY": 334.15216064453125}, "class_id": 2, "box_caption": "without_mask 0.025", "scores": {"class_score": 0.02470410242676735}, "domain": "pixel"}], "class_labels": {"0": "mask_weared_incorrect", "1": "with_mask", "2": "without_mask"}}