{"box_data": [{"position": {"minX": 141.93218994140625, "minY": 264.3493347167969, "maxX": 221.22308349609375, "maxY": 363.6672668457031}, "class_id": 1, "box_caption": "with_mask 0.946", "scores": {"class_score": 0.9455944895744324}, "domain": "pixel"}, {"position": {"minX": 136.30209350585938, "minY": 265.10205078125, "maxX": 226.51437377929688, "maxY": 365.66455078125}, "class_id": 0, "box_caption": "mask_weared_incorrect 0.003", "scores": {"class_score": 0.0031587088014930487}, "domain": "pixel"}, {"position": {"minX": 136.30209350585938, "minY": 265.10205078125, "maxX": 226.51437377929688, "maxY": 365.66455078125}, "class_id": 2, "box_caption": "without_mask 0.003", "scores": {"class_score": 0.0026526139117777348}, "domain": "pixel"}, {"position": {"minX": -66.55787658691406, "minY": -17.205368041992188, "maxX": 402.62017822265625, "maxY": 365.39337158203125}, "class_id": 1, "box_caption": "with_mask 0.001", "scores": {"class_score": 0.0012175161391496658}, "domain": "pixel"}], "class_labels": {"0": "mask_weared_incorrect", "1": "with_mask", "2": "without_mask"}}