{"box_data": [{"position": {"minX": 127.99152374267578, "minY": 206.53176879882812, "maxX": 256.3328552246094, "maxY": 330.8882751464844}, "class_id": 1, "box_caption": "with_mask 0.940", "scores": {"class_score": 0.9395724534988403}, "domain": "pixel"}, {"position": {"minX": 123.98915100097656, "minY": 205.4142303466797, "maxX": 258.2806396484375, "maxY": 329.8489990234375}, "class_id": 0, "box_caption": "mask_weared_incorrect 0.016", "scores": {"class_score": 0.015993308275938034}, "domain": "pixel"}, {"position": {"minX": 123.98915100097656, "minY": 205.4142303466797, "maxX": 258.2806396484375, "maxY": 329.8489990234375}, "class_id": 2, "box_caption": "without_mask 0.014", "scores": {"class_score": 0.014482228085398674}, "domain": "pixel"}, {"position": {"minX": -56.30528259277344, "minY": -25.32067108154297, "maxX": 388.1138916015625, "maxY": 238.87896728515625}, "class_id": 1, "box_caption": "with_mask 0.001", "scores": {"class_score": 0.0011933816131204367}, "domain": "pixel"}], "class_labels": {"0": "mask_weared_incorrect", "1": "with_mask", "2": "without_mask"}}