{"box_data": [{"position": {"minX": 200.91226196289062, "minY": 257.7419738769531, "maxX": 341.2516174316406, "maxY": 406.7939147949219}, "class_id": 1, "box_caption": "with_mask 0.945", "scores": {"class_score": 0.944892942905426}, "domain": "pixel"}, {"position": {"minX": 201.294189453125, "minY": 256.94122314453125, "maxX": 341.51202392578125, "maxY": 406.90252685546875}, "class_id": 0, "box_caption": "mask_weared_incorrect 0.017", "scores": {"class_score": 0.0166977196931839}, "domain": "pixel"}, {"position": {"minX": 201.294189453125, "minY": 256.94122314453125, "maxX": 341.51202392578125, "maxY": 406.90252685546875}, "class_id": 2, "box_caption": "without_mask 0.012", "scores": {"class_score": 0.012405010871589184}, "domain": "pixel"}], "class_labels": {"0": "mask_weared_incorrect", "1": "with_mask", "2": "without_mask"}}