{"box_data": [{"position": {"minX": 150.98887634277344, "minY": 176.71575927734375, "maxX": 290.2359619140625, "maxY": 410.1873779296875}, "class_id": 1, "box_caption": "with_mask 0.859", "scores": {"class_score": 0.858603835105896}, "domain": "pixel"}, {"position": {"minX": 153.6072998046875, "minY": 177.43026733398438, "maxX": 287.1259765625, "maxY": 402.1620178222656}, "class_id": 0, "box_caption": "mask_weared_incorrect 0.022", "scores": {"class_score": 0.02227085642516613}, "domain": "pixel"}, {"position": {"minX": 153.6072998046875, "minY": 177.43026733398438, "maxX": 287.1259765625, "maxY": 402.1620178222656}, "class_id": 2, "box_caption": "without_mask 0.013", "scores": {"class_score": 0.012747365981340408}, "domain": "pixel"}, {"position": {"minX": 162.26419067382812, "minY": 172.30612182617188, "maxX": 274.71563720703125, "maxY": 350.2605895996094}, "class_id": 1, "box_caption": "with_mask 0.002", "scores": {"class_score": 0.0017957291565835476}, "domain": "pixel"}], "class_labels": {"0": "mask_weared_incorrect", "1": "with_mask", "2": "without_mask"}}