{"box_data": [{"position": {"minX": 193.2487030029297, "minY": 260.17852783203125, "maxX": 344.2264404296875, "maxY": 410.0264892578125}, "class_id": 1, "box_caption": "with_mask 0.859", "scores": {"class_score": 0.8586996793746948}, "domain": "pixel"}, {"position": {"minX": 195.34671020507812, "minY": 261.6731262207031, "maxX": 341.4139709472656, "maxY": 406.9801330566406}, "class_id": 0, "box_caption": "mask_weared_incorrect 0.028", "scores": {"class_score": 0.028076807036995888}, "domain": "pixel"}, {"position": {"minX": 195.34671020507812, "minY": 261.6731262207031, "maxX": 341.4139709472656, "maxY": 406.9801330566406}, "class_id": 2, "box_caption": "without_mask 0.021", "scores": {"class_score": 0.021494774147868156}, "domain": "pixel"}, {"position": {"minX": 382.3524169921875, "minY": 234.85484313964844, "maxX": 437.58367919921875, "maxY": 396.85107421875}, "class_id": 1, "box_caption": "with_mask 0.001", "scores": {"class_score": 0.001386382500641048}, "domain": "pixel"}], "class_labels": {"0": "mask_weared_incorrect", "1": "with_mask", "2": "without_mask"}}