{"box_data": [{"position": {"minX": 199.289794921875, "minY": 261.6364440917969, "maxX": 343.7952880859375, "maxY": 404.5641174316406}, "class_id": 1, "box_caption": "with_mask 0.916", "scores": {"class_score": 0.9156244397163391}, "domain": "pixel"}, {"position": {"minX": 199.65045166015625, "minY": 261.2253112792969, "maxX": 340.51300048828125, "maxY": 406.0076599121094}, "class_id": 0, "box_caption": "mask_weared_incorrect 0.022", "scores": {"class_score": 0.021730443462729454}, "domain": "pixel"}, {"position": {"minX": 199.65045166015625, "minY": 261.2253112792969, "maxX": 340.51300048828125, "maxY": 406.0076599121094}, "class_id": 2, "box_caption": "without_mask 0.016", "scores": {"class_score": 0.015929164364933968}, "domain": "pixel"}, {"position": {"minX": -34.936614990234375, "minY": -6.961212158203125, "maxX": 324.94476318359375, "maxY": 430.6370849609375}, "class_id": 1, "box_caption": "with_mask 0.001", "scores": {"class_score": 0.001173619064502418}, "domain": "pixel"}], "class_labels": {"0": "mask_weared_incorrect", "1": "with_mask", "2": "without_mask"}}