{"box_data": [{"position": {"minX": 97.81835174560547, "minY": 205.8096923828125, "maxX": 250.67584228515625, "maxY": 352.89349365234375}, "class_id": 1, "box_caption": "with_mask 0.942", "scores": {"class_score": 0.9423519372940063}, "domain": "pixel"}, {"position": {"minX": 96.05795288085938, "minY": 203.7263641357422, "maxX": 253.12289428710938, "maxY": 354.24920654296875}, "class_id": 0, "box_caption": "mask_weared_incorrect 0.014", "scores": {"class_score": 0.013703235425055027}, "domain": "pixel"}, {"position": {"minX": 96.05795288085938, "minY": 203.7263641357422, "maxX": 253.12289428710938, "maxY": 354.24920654296875}, "class_id": 2, "box_caption": "without_mask 0.011", "scores": {"class_score": 0.010574012994766235}, "domain": "pixel"}, {"position": {"minX": 259.919677734375, "minY": 256.0740661621094, "maxX": 328.6072998046875, "maxY": 297.5630798339844}, "class_id": 1, "box_caption": "with_mask 0.001", "scores": {"class_score": 0.0010131453163921833}, "domain": "pixel"}], "class_labels": {"0": "mask_weared_incorrect", "1": "with_mask", "2": "without_mask"}}