{"box_data": [{"position": {"minX": 192.48809814453125, "minY": 255.53768920898438, "maxX": 347.0672607421875, "maxY": 404.9766540527344}, "class_id": 1, "box_caption": "with_mask 0.881", "scores": {"class_score": 0.8811312317848206}, "domain": "pixel"}, {"position": {"minX": 199.14370727539062, "minY": 252.88201904296875, "maxX": 341.1333923339844, "maxY": 406.7034912109375}, "class_id": 0, "box_caption": "mask_weared_incorrect 0.032", "scores": {"class_score": 0.03174383565783501}, "domain": "pixel"}, {"position": {"minX": 200.7746124267578, "minY": 258.9645690917969, "maxX": 343.04852294921875, "maxY": 402.3918151855469}, "class_id": 2, "box_caption": "without_mask 0.025", "scores": {"class_score": 0.02537974901497364}, "domain": "pixel"}, {"position": {"minX": -71.87278747558594, "minY": -21.2406005859375, "maxX": 418.455810546875, "maxY": 364.5938720703125}, "class_id": 1, "box_caption": "with_mask 0.002", "scores": {"class_score": 0.0015723071992397308}, "domain": "pixel"}], "class_labels": {"0": "mask_weared_incorrect", "1": "with_mask", "2": "without_mask"}}