{"box_data": [{"position": {"minX": 153.57421875, "minY": 173.68426513671875, "maxX": 288.2711486816406, "maxY": 406.71478271484375}, "class_id": 1, "box_caption": "with_mask 0.849", "scores": {"class_score": 0.8492040038108826}, "domain": "pixel"}, {"position": {"minX": 157.30572509765625, "minY": 175.96054077148438, "maxX": 282.3724365234375, "maxY": 399.7853088378906}, "class_id": 0, "box_caption": "mask_weared_incorrect 0.019", "scores": {"class_score": 0.01903919316828251}, "domain": "pixel"}, {"position": {"minX": 157.30572509765625, "minY": 175.96054077148438, "maxX": 282.3724365234375, "maxY": 399.7853088378906}, "class_id": 2, "box_caption": "without_mask 0.009", "scores": {"class_score": 0.009380694478750229}, "domain": "pixel"}], "class_labels": {"0": "mask_weared_incorrect", "1": "with_mask", "2": "without_mask"}}