{"box_data": [{"position": {"minX": 153.6557159423828, "minY": 142.862548828125, "maxX": 299.92169189453125, "maxY": 308.92279052734375}, "class_id": 1, "box_caption": "with_mask 0.914", "scores": {"class_score": 0.9136276841163635}, "domain": "pixel"}, {"position": {"minX": 151.73646545410156, "minY": 144.83132934570312, "maxX": 302.77386474609375, "maxY": 307.9019775390625}, "class_id": 0, "box_caption": "mask_weared_incorrect 0.011", "scores": {"class_score": 0.011092028580605984}, "domain": "pixel"}, {"position": {"minX": 150.57789611816406, "minY": 146.12115478515625, "maxX": 303.1800537109375, "maxY": 303.8241271972656}, "class_id": 2, "box_caption": "without_mask 0.008", "scores": {"class_score": 0.007989984937012196}, "domain": "pixel"}], "class_labels": {"0": "mask_weared_incorrect", "1": "with_mask", "2": "without_mask"}}