{"box_data": [{"position": {"minX": 77.18700408935547, "minY": 292.9931945800781, "maxX": 230.43524169921875, "maxY": 428.1294860839844}, "class_id": 1, "box_caption": "with_mask 0.924", "scores": {"class_score": 0.9235864281654358}, "domain": "pixel"}, {"position": {"minX": 73.78119659423828, "minY": 297.43597412109375, "maxX": 233.06259155273438, "maxY": 423.38568115234375}, "class_id": 0, "box_caption": "mask_weared_incorrect 0.011", "scores": {"class_score": 0.011460269801318645}, "domain": "pixel"}, {"position": {"minX": 76.22398376464844, "minY": 295.7853698730469, "maxX": 231.9992218017578, "maxY": 426.8368835449219}, "class_id": 2, "box_caption": "without_mask 0.008", "scores": {"class_score": 0.008160483092069626}, "domain": "pixel"}, {"position": {"minX": 86.97174072265625, "minY": 166.53675842285156, "maxX": 98.9315185546875, "maxY": 186.64524841308594}, "class_id": 1, "box_caption": "with_mask 0.002", "scores": {"class_score": 0.0015196265885606408}, "domain": "pixel"}], "class_labels": {"0": "mask_weared_incorrect", "1": "with_mask", "2": "without_mask"}}