{"box_data": [{"position": {"minX": 86.95818328857422, "minY": 200.74465942382812, "maxX": 262.6998596191406, "maxY": 355.6499328613281}, "class_id": 1, "box_caption": "with_mask 0.872", "scores": {"class_score": 0.8715989589691162}, "domain": "pixel"}, {"position": {"minX": 93.8697738647461, "minY": 200.65286254882812, "maxX": 259.313232421875, "maxY": 358.9024353027344}, "class_id": 0, "box_caption": "mask_weared_incorrect 0.032", "scores": {"class_score": 0.03192252665758133}, "domain": "pixel"}, {"position": {"minX": 96.85405731201172, "minY": 205.36158752441406, "maxX": 255.44387817382812, "maxY": 353.24609375}, "class_id": 2, "box_caption": "without_mask 0.026", "scores": {"class_score": 0.0258784256875515}, "domain": "pixel"}, {"position": {"minX": 33.29258346557617, "minY": 250.05189514160156, "maxX": 92.20285034179688, "maxY": 348.32366943359375}, "class_id": 1, "box_caption": "with_mask 0.001", "scores": {"class_score": 0.0012268503196537495}, "domain": "pixel"}], "class_labels": {"0": "mask_weared_incorrect", "1": "with_mask", "2": "without_mask"}}