{"box_data": [{"position": {"minX": 202.95004272460938, "minY": 257.77532958984375, "maxX": 341.1607971191406, "maxY": 407.2261962890625}, "class_id": 1, "box_caption": "with_mask 0.964", "scores": {"class_score": 0.9635053873062134}, "domain": "pixel"}, {"position": {"minX": 205.59078979492188, "minY": 257.9559631347656, "maxX": 339.1736755371094, "maxY": 405.2296447753906}, "class_id": 0, "box_caption": "mask_weared_incorrect 0.009", "scores": {"class_score": 0.009235182777047157}, "domain": "pixel"}, {"position": {"minX": 205.59078979492188, "minY": 257.9559631347656, "maxX": 339.1736755371094, "maxY": 405.2296447753906}, "class_id": 2, "box_caption": "without_mask 0.008", "scores": {"class_score": 0.007701103109866381}, "domain": "pixel"}, {"position": {"minX": -63.89546203613281, "minY": -69.41477966308594, "maxX": 426.7918701171875, "maxY": 491.206298828125}, "class_id": 1, "box_caption": "with_mask 0.001", "scores": {"class_score": 0.001007748651318252}, "domain": "pixel"}], "class_labels": {"0": "mask_weared_incorrect", "1": "with_mask", "2": "without_mask"}}