{"box_data": [{"position": {"minX": 77.35966491699219, "minY": 289.51171875, "maxX": 230.3933563232422, "maxY": 428.92315673828125}, "class_id": 1, "box_caption": "with_mask 0.939", "scores": {"class_score": 0.9388294219970703}, "domain": "pixel"}, {"position": {"minX": 74.97412872314453, "minY": 291.01593017578125, "maxX": 231.65994262695312, "maxY": 427.37823486328125}, "class_id": 0, "box_caption": "mask_weared_incorrect 0.007", "scores": {"class_score": 0.0068053449504077435}, "domain": "pixel"}, {"position": {"minX": 77.2259292602539, "minY": 290.6822204589844, "maxX": 230.51068115234375, "maxY": 428.8607482910156}, "class_id": 2, "box_caption": "without_mask 0.005", "scores": {"class_score": 0.004910984542220831}, "domain": "pixel"}], "class_labels": {"0": "mask_weared_incorrect", "1": "with_mask", "2": "without_mask"}}