{"box_data": [{"position": {"minX": 197.42059326171875, "minY": 259.44049072265625, "maxX": 344.66845703125, "maxY": 411.1094970703125}, "class_id": 1, "box_caption": "with_mask 0.892", "scores": {"class_score": 0.8915761113166809}, "domain": "pixel"}, {"position": {"minX": 193.9983367919922, "minY": 257.6101989746094, "maxX": 347.06561279296875, "maxY": 412.2991027832031}, "class_id": 0, "box_caption": "mask_weared_incorrect 0.027", "scores": {"class_score": 0.027248069643974304}, "domain": "pixel"}, {"position": {"minX": 193.9983367919922, "minY": 257.6101989746094, "maxX": 347.06561279296875, "maxY": 412.2991027832031}, "class_id": 2, "box_caption": "without_mask 0.019", "scores": {"class_score": 0.019297368824481964}, "domain": "pixel"}], "class_labels": {"0": "mask_weared_incorrect", "1": "with_mask", "2": "without_mask"}}