{"box_data": [{"position": {"minX": 152.44854736328125, "minY": 180.81552124023438, "maxX": 292.9014587402344, "maxY": 410.5881042480469}, "class_id": 1, "box_caption": "with_mask 0.858", "scores": {"class_score": 0.8583424687385559}, "domain": "pixel"}, {"position": {"minX": 151.9986572265625, "minY": 180.49819946289062, "maxX": 292.80194091796875, "maxY": 409.8434143066406}, "class_id": 0, "box_caption": "mask_weared_incorrect 0.024", "scores": {"class_score": 0.02432180568575859}, "domain": "pixel"}, {"position": {"minX": 151.9986572265625, "minY": 180.49819946289062, "maxX": 292.80194091796875, "maxY": 409.8434143066406}, "class_id": 2, "box_caption": "without_mask 0.012", "scores": {"class_score": 0.011685831472277641}, "domain": "pixel"}, {"position": {"minX": 188.4250030517578, "minY": 0.06821250915527344, "maxX": 278.41741943359375, "maxY": 17.3442325592041}, "class_id": 1, "box_caption": "with_mask 0.001", "scores": {"class_score": 0.0010853728745132685}, "domain": "pixel"}], "class_labels": {"0": "mask_weared_incorrect", "1": "with_mask", "2": "without_mask"}}