{"box_data": [{"position": {"minX": 123.62982177734375, "minY": 211.0666961669922, "maxX": 256.3883056640625, "maxY": 326.6263427734375}, "class_id": 1, "box_caption": "with_mask 0.866", "scores": {"class_score": 0.8656030893325806}, "domain": "pixel"}, {"position": {"minX": 118.7378158569336, "minY": 208.76451110839844, "maxX": 260.688232421875, "maxY": 330.40545654296875}, "class_id": 0, "box_caption": "mask_weared_incorrect 0.033", "scores": {"class_score": 0.03335132822394371}, "domain": "pixel"}, {"position": {"minX": 122.13843536376953, "minY": 208.34185791015625, "maxX": 256.8046875, "maxY": 328.72491455078125}, "class_id": 2, "box_caption": "without_mask 0.028", "scores": {"class_score": 0.028165098279714584}, "domain": "pixel"}], "class_labels": {"0": "mask_weared_incorrect", "1": "with_mask", "2": "without_mask"}}