{"box_data": [{"position": {"minX": 146.30270385742188, "minY": 144.09474182128906, "maxX": 307.9195556640625, "maxY": 312.925048828125}, "class_id": 1, "box_caption": "with_mask 0.862", "scores": {"class_score": 0.8621575236320496}, "domain": "pixel"}, {"position": {"minX": 142.19903564453125, "minY": 142.61227416992188, "maxX": 315.0240173339844, "maxY": 314.0924987792969}, "class_id": 0, "box_caption": "mask_weared_incorrect 0.022", "scores": {"class_score": 0.02249154821038246}, "domain": "pixel"}, {"position": {"minX": 141.53634643554688, "minY": 143.50723266601562, "maxX": 311.3982238769531, "maxY": 307.728271484375}, "class_id": 2, "box_caption": "without_mask 0.015", "scores": {"class_score": 0.014695380814373493}, "domain": "pixel"}], "class_labels": {"0": "mask_weared_incorrect", "1": "with_mask", "2": "without_mask"}}