{"box_data": [{"position": {"minX": 78.70918273925781, "minY": 294.8283996582031, "maxX": 232.9160919189453, "maxY": 429.5245666503906}, "class_id": 1, "box_caption": "with_mask 0.899", "scores": {"class_score": 0.898963451385498}, "domain": "pixel"}, {"position": {"minX": 79.68321228027344, "minY": 294.6842041015625, "maxX": 232.5773468017578, "maxY": 429.90789794921875}, "class_id": 0, "box_caption": "mask_weared_incorrect 0.018", "scores": {"class_score": 0.01756763830780983}, "domain": "pixel"}, {"position": {"minX": 79.68321228027344, "minY": 294.6842041015625, "maxX": 232.5773468017578, "maxY": 429.90789794921875}, "class_id": 2, "box_caption": "without_mask 0.012", "scores": {"class_score": 0.012191045098006725}, "domain": "pixel"}, {"position": {"minX": 15.529727935791016, "minY": 326.6690979003906, "maxX": 27.957050323486328, "maxY": 357.3128967285156}, "class_id": 2, "box_caption": "without_mask 0.001", "scores": {"class_score": 0.001326136407442391}, "domain": "pixel"}], "class_labels": {"0": "mask_weared_incorrect", "1": "with_mask", "2": "without_mask"}}