{"box_data": [{"position": {"minX": 123.5733871459961, "minY": 295.0008239746094, "maxX": 227.22052001953125, "maxY": 405.8013000488281}, "class_id": 2, "box_caption": "without_mask 0.959", "scores": {"class_score": 0.959097683429718}, "domain": "pixel"}, {"position": {"minX": 124.59977722167969, "minY": 295.8067626953125, "maxX": 225.7479705810547, "maxY": 406.01995849609375}, "class_id": 0, "box_caption": "mask_weared_incorrect 0.018", "scores": {"class_score": 0.0184067003428936}, "domain": "pixel"}, {"position": {"minX": 124.59977722167969, "minY": 295.8067626953125, "maxX": 225.7479705810547, "maxY": 406.01995849609375}, "class_id": 1, "box_caption": "with_mask 0.008", "scores": {"class_score": 0.007658360525965691}, "domain": "pixel"}], "class_labels": {"0": "mask_weared_incorrect", "1": "with_mask", "2": "without_mask"}}