{"box_data": [{"position": {"minX": 140.06500244140625, "minY": 265.1781005859375, "maxX": 221.14654541015625, "maxY": 364.13134765625}, "class_id": 1, "box_caption": "with_mask 0.908", "scores": {"class_score": 0.908105731010437}, "domain": "pixel"}, {"position": {"minX": 140.44004821777344, "minY": 262.94879150390625, "maxX": 221.39036560058594, "maxY": 365.8233642578125}, "class_id": 0, "box_caption": "mask_weared_incorrect 0.010", "scores": {"class_score": 0.01028053555637598}, "domain": "pixel"}, {"position": {"minX": 139.66348266601562, "minY": 264.114501953125, "maxX": 219.04751586914062, "maxY": 364.034423828125}, "class_id": 2, "box_caption": "without_mask 0.007", "scores": {"class_score": 0.006607043091207743}, "domain": "pixel"}], "class_labels": {"0": "mask_weared_incorrect", "1": "with_mask", "2": "without_mask"}}