{"box_data": [{"position": {"minX": 124.4473876953125, "minY": 296.059814453125, "maxX": 228.01580810546875, "maxY": 405.96795654296875}, "class_id": 2, "box_caption": "without_mask 0.950", "scores": {"class_score": 0.9499449729919434}, "domain": "pixel"}, {"position": {"minX": 127.27584075927734, "minY": 292.34649658203125, "maxX": 225.75631713867188, "maxY": 410.54541015625}, "class_id": 0, "box_caption": "mask_weared_incorrect 0.024", "scores": {"class_score": 0.023533325642347336}, "domain": "pixel"}, {"position": {"minX": 127.27584075927734, "minY": 292.34649658203125, "maxX": 225.75631713867188, "maxY": 410.54541015625}, "class_id": 1, "box_caption": "with_mask 0.009", "scores": {"class_score": 0.008679203689098358}, "domain": "pixel"}, {"position": {"minX": 211.0267333984375, "minY": 357.104248046875, "maxX": 331.3214111328125, "maxY": 424.2874755859375}, "class_id": 2, "box_caption": "without_mask 0.001", "scores": {"class_score": 0.0014429041184484959}, "domain": "pixel"}], "class_labels": {"0": "mask_weared_incorrect", "1": "with_mask", "2": "without_mask"}}