{"box_data": [{"position": {"minX": 156.11541748046875, "minY": 173.90707397460938, "maxX": 286.2666320800781, "maxY": 409.4231872558594}, "class_id": 1, "box_caption": "with_mask 0.946", "scores": {"class_score": 0.9457675218582153}, "domain": "pixel"}, {"position": {"minX": 157.7281951904297, "minY": 176.3696746826172, "maxX": 284.43218994140625, "maxY": 407.00128173828125}, "class_id": 0, "box_caption": "mask_weared_incorrect 0.009", "scores": {"class_score": 0.00868956372141838}, "domain": "pixel"}, {"position": {"minX": 157.7281951904297, "minY": 176.3696746826172, "maxX": 284.43218994140625, "maxY": 407.00128173828125}, "class_id": 2, "box_caption": "without_mask 0.005", "scores": {"class_score": 0.00500040128827095}, "domain": "pixel"}], "class_labels": {"0": "mask_weared_incorrect", "1": "with_mask", "2": "without_mask"}}