{"box_data": [{"position": {"minX": 154.29705810546875, "minY": 176.7784881591797, "maxX": 283.8129577636719, "maxY": 410.31109619140625}, "class_id": 1, "box_caption": "with_mask 0.929", "scores": {"class_score": 0.9288968443870544}, "domain": "pixel"}, {"position": {"minX": 152.45697021484375, "minY": 178.35260009765625, "maxX": 285.9691162109375, "maxY": 408.8543701171875}, "class_id": 0, "box_caption": "mask_weared_incorrect 0.012", "scores": {"class_score": 0.012399309314787388}, "domain": "pixel"}, {"position": {"minX": 152.45697021484375, "minY": 178.35260009765625, "maxX": 285.9691162109375, "maxY": 408.8543701171875}, "class_id": 2, "box_caption": "without_mask 0.007", "scores": {"class_score": 0.00665963115170598}, "domain": "pixel"}], "class_labels": {"0": "mask_weared_incorrect", "1": "with_mask", "2": "without_mask"}}