{"best/epoch": 81, "best/precision": 0.8293275637106632, "best/recall": 0.6885510982581927, "best/mAP_0.5": 0.7454697575895356, "best/mAP_0.5:0.95": 0.4650513826955777, "Labels": {"_type": "images/separated", "width": 2000, "height": 2000, "format": "jpg", "count": 2, "captions": ["labels_correlogram.jpg", "labels.jpg"]}, "Mosaics": {"_type": "images/separated", "width": 1664, "height": 1664, "format": "jpg", "count": 3, "captions": ["train_batch0.jpg", "train_batch1.jpg", "train_batch2.jpg"]}, "train/box_loss": 0.021016769111156464, "train/obj_loss": 0.015507031232118607, "train/cls_loss": 0.001473773387260735, "metrics/precision": 0.8291159433800908, "metrics/recall": 0.6887407651354186, "metrics/mAP_0.5": 0.7451938487248709, "metrics/mAP_0.5:0.95": 0.4647362391269918, "val/box_loss": 0.028821811079978943, "val/obj_loss": 0.017726875841617584, "val/cls_loss": 0.005968308076262474, "x/lr0": 0.0002980000000000002, "x/lr1": 0.0002980000000000002, "x/lr2": 0.0002980000000000002, "_runtime": 19179, "_timestamp": 1653417754, "_step": 100, "BoundingBoxDebugger": {"_type": "images/separated", "width": 448, "height": 448, "format": "png", "count": 16, "captions": ["maksssksksss101_png.rf.41121fda26d6bce54f99fdf26cc07071.jpg", "maksssksksss604_png.rf.dc2363c46067020d154b33fb7e696818.jpg", "maksssksksss606_png.rf.29c00e28a6585b6836b5f56c652ddb58.jpg", "maksssksksss60_png.rf.2c8ffd1c40ad650258ee831db3384c6f.jpg", "maksssksksss611_png.rf.cfc768fbfe70cb2ea0dd780ba16cc2a5.jpg", "maksssksksss615_png.rf.7dd657eeaaa1939c73559a4ebdaef706.jpg", "maksssksksss616_png.rf.e05d5ddb4ab4af06cd0897c81d3cfa62.jpg", "maksssksksss623_png.rf.79ef5bf62f40c3e81d7efda03f8c9225.jpg", "maksssksksss625_png.rf.c5962306ad808a95da4de9174125d9cc.jpg", "maksssksksss628_png.rf.284c924fa3204d61403202b20af4a635.jpg", "maksssksksss629_png.rf.d9006f12a3d1cbf5f57fb38259c59a42.jpg", "maksssksksss630_png.rf.677c24b85c0eaacb358baa39244160b8.jpg", "maksssksksss63_png.rf.c47fee17776a4f5ee87e559c2de83c62.jpg", "maksssksksss643_png.rf.2a32396de32b0af1cc06d1661a44276f.jpg", "maksssksksss644_png.rf.f0ee1e3badc7343de9f06d7a44d59868.jpg", "maksssksksss645_png.rf.aa24f9ad08eda7b5659e277bcb3666ae.jpg"], "all_boxes": [{"predictions": {"_type": "boxes2D", "path": "media/metadata/boxes2D/BoundingBoxDebugger_99_00.boxes2D.json", "sha256": "aed5f2359396e76d3092b093f6e414ecf02691aaa2cf26110f3988f673acadde", "size": 837}}, {"predictions": {"_type": "boxes2D", "path": "media/metadata/boxes2D/BoundingBoxDebugger_99_10.boxes2D.json", "sha256": "97f0557553f68ff9b7912459437a157b9766059e465cf64b4ab7db55c33e2731", "size": 3760}}, {"predictions": {"_type": "boxes2D", "path": "media/metadata/boxes2D/BoundingBoxDebugger_99_20.boxes2D.json", "sha256": "9b5c434e7aee68a155dfa6c0f84795827fc73a34f7abbd2cd9a3f111f2a65a19", "size": 13247}}, {"predictions": {"_type": "boxes2D", "path": "media/metadata/boxes2D/BoundingBoxDebugger_99_30.boxes2D.json", "sha256": "fd813dafb913cb9d5357b1ce29d32c2e4d0181fdfaa07f77c9f6c45de8676c05", "size": 1097}}, {"predictions": {"_type": "boxes2D", "path": "media/metadata/boxes2D/BoundingBoxDebugger_99_40.boxes2D.json", "sha256": "0a9f3f9f7864f465a3b0c4cc1e1da01c53ba658bee8c30b313c86484e6648e74", "size": 10879}}, {"predictions": {"_type": "boxes2D", "path": "media/metadata/boxes2D/BoundingBoxDebugger_99_50.boxes2D.json", "sha256": "fcda60a675e62a4a595495ab6aa30fd4a664271518276dec1010dc55c15c42db", "size": 839}}, {"predictions": {"_type": "boxes2D", "path": "media/metadata/boxes2D/BoundingBoxDebugger_99_60.boxes2D.json", "sha256": "2ab72e2fd8cebd419d45749cb772f3b41cba46559c4941bafdc794fdd371b3be", "size": 23939}}, {"predictions": {"_type": "boxes2D", "path": "media/metadata/boxes2D/BoundingBoxDebugger_99_70.boxes2D.json", "sha256": "16f89acef2f3669a79a3995627ccca7282d2ac130e8df83dc185572b1715e4e7", "size": 24677}}, {"predictions": {"_type": "boxes2D", "path": "media/metadata/boxes2D/BoundingBoxDebugger_99_80.boxes2D.json", "sha256": "a95008a263b1971aaff73d9e1f38fb460191a39b66bcf5463fd8c345e875efe1", "size": 1562}}, {"predictions": {"_type": "boxes2D", "path": "media/metadata/boxes2D/BoundingBoxDebugger_99_90.boxes2D.json", "sha256": "f4e3e274505bcc57fa5a75d8a1525248a98197d270c9541636860a9db5e7cd81", "size": 6215}}, {"predictions": {"_type": "boxes2D", "path": "media/metadata/boxes2D/BoundingBoxDebugger_99_100.boxes2D.json", "sha256": "466f0ef9cd3834d6e62960eca4bdf40f701f4d014f578b0616707651c764e3b5", "size": 840}}, {"predictions": {"_type": "boxes2D", "path": "media/metadata/boxes2D/BoundingBoxDebugger_99_110.boxes2D.json", "sha256": "c929dd81087a87f234e14d94d7135130e9696ab0992a07523f5204bf2c74ed84", "size": 1084}}, {"predictions": {"_type": "boxes2D", "path": "media/metadata/boxes2D/BoundingBoxDebugger_99_120.boxes2D.json", "sha256": "c2d438684be8babbd6b8a449f305e3b92200e4a3beb8d4a71b425eb89dad89ad", "size": 837}}, {"predictions": {"_type": "boxes2D", "path": "media/metadata/boxes2D/BoundingBoxDebugger_99_130.boxes2D.json", "sha256": "2d988b9084b1b0c4624347d81807a36732c9b779f542a308f10d2b4b8aa8f7de", "size": 845}}, {"predictions": {"_type": "boxes2D", "path": "media/metadata/boxes2D/BoundingBoxDebugger_99_140.boxes2D.json", "sha256": "2a8fb567f7362ec78e48e2a18d03bfb532962cdaeb66fd145b6961930fd10ebb", "size": 1567}}, {"predictions": {"_type": "boxes2D", "path": "media/metadata/boxes2D/BoundingBoxDebugger_99_150.boxes2D.json", "sha256": "0ff74aa96b564bafcba6ea8bbcfae35045eda76e1670de7556c4405de39985a3", "size": 1078}}]}, "Validation": {"_type": "images/separated", "width": 1792, "height": 1792, "format": "jpg", "count": 6, "captions": ["val_batch0_labels.jpg", "val_batch0_pred.jpg", "val_batch1_labels.jpg", "val_batch1_pred.jpg", "val_batch2_labels.jpg", "val_batch2_pred.jpg"]}, "Results": {"_type": "images/separated", "width": 2400, "height": 1200, "format": "png", "count": 6, "captions": ["results.png", "confusion_matrix.png", "F1_curve.png", "PR_curve.png", "P_curve.png", "R_curve.png"]}, "_wandb": {"runtime": 19179}}